epoch,lr,loss,mse,mae,rmse,val_loss,val_mse,val_mae,val_rmse,val_ssim
0,0.0009999845942435725,1.0196621322631836,0.09875537496060133,0.18808938816189766,0.3072597935050726,0.7788686609268188,0.06166194051504135,0.10986232727766038,0.24703918397426605,0.42611992835998536
1,0.0009999383779245895,0.676124618947506,0.06295267613604665,0.09925730433315039,0.2486690204590559,0.59410888671875,0.05366895616054535,0.0884886759519577,0.23056368947029113,0.6513925504684448
2,0.0009998613538938913,0.5555438874661922,0.05742630526423454,0.08724024396389723,0.23786941923201085,0.4860916554927826,0.05035747572779656,0.08042014628648758,0.2232892805337906,0.7142660093307495
3,0.0009997535269026829,0.4874031038582325,0.05395696109160781,0.0814803359657526,0.2304849161207676,0.4521200370788574,0.048511020988225934,0.07709908530116082,0.21924860000610352,0.7336311435699463
4,0.000999614903602241,0.4523263876140118,0.0526270648278296,0.07862378494814039,0.2273617158830166,0.4444317984580994,0.0474311263859272,0.07495750024914742,0.21676586508750917,0.7279802489280701
5,0.0009994454925435039,0.42854774311184884,0.0509068186301738,0.07630747430026531,0.22371733538806438,0.39649689078330996,0.04636267393827438,0.07397398740053177,0.21440707206726073,0.760411548614502
6,0.0009992453041765435,0.40795983269810676,0.049076875187456605,0.07373398998752237,0.21983019433915615,0.38554831862449646,0.0440868578851223,0.07020683899521828,0.20904231190681458,0.7685117554664612
7,0.0009990143508499213,0.3947135877609253,0.04838168581016362,0.07258030286058784,0.21792349986732007,0.37638203263282777,0.04399932399392128,0.07070222616195679,0.20884454727172852,0.7686277651786804
8,0.0009987526468099267,0.38059709817171095,0.0468192626349628,0.07070562290027738,0.21464310094714165,0.3731072270870209,0.04398479297757149,0.06983119040727616,0.2087308931350708,0.7780947470664978
9,0.0009984602081996973,0.37061380669474603,0.045936226267367604,0.06963372498750686,0.21278403185307979,0.3520955741405487,0.04236817851662636,0.06694379329681396,0.20500050842761994,0.7865541172027588
10,0.000998137053058224,0.36068381637334823,0.04494103291071951,0.06823050601407886,0.2101865201443434,0.3441609752178192,0.04133154191076756,0.06588093265891075,0.202355797290802,0.786545729637146
11,0.000997783201319238,0.35514209657907486,0.04442392869852483,0.06748181566596032,0.20910865612328053,0.3493614828586578,0.041841512620449064,0.06647439450025558,0.2036566025018692,0.7837103223800659
12,0.000997398674809982,0.34615041971206667,0.04365537620149553,0.06640593498945237,0.20724996738135815,0.33428834319114686,0.04022436335682869,0.06522547006607056,0.1995917558670044,0.7945121216773987
13,0.0009969834972498618,0.3397333087027073,0.043023475529626015,0.06562497163191437,0.2050750505179167,0.327759222984314,0.04136543497443199,0.0641924001276493,0.20254373252391816,0.7967855954170227
14,0.0009965376942489854,0.33401210501790046,0.04219933847896755,0.06481121322140097,0.2037422037869692,0.3240877902507782,0.04018842816352844,0.06329713746905327,0.19958336651325226,0.801574194431305
15,0.0009960612933065814,0.3280638311803341,0.041845796518027785,0.06429007457569241,0.20279809705913066,0.3143185532093048,0.041189565435051916,0.06377577915787697,0.20210107386112214,0.8038806962966919
16,0.000995554323809304,0.3248359026759863,0.041120722414925696,0.06332922553643584,0.2009407450258732,0.31158276200294494,0.038075397312641146,0.06153438836336136,0.19420665442943574,0.8067009139060974
17,0.00099501681702942,0.31650037460029123,0.03995119066908956,0.062071436289697884,0.19825012221932412,0.31444538593292237,0.03843343786895275,0.0603698855638504,0.19511271953582765,0.8020726943016052
18,0.0009944488061228796,0.31489854656159877,0.03926111989654601,0.061274210419505835,0.19658620819449424,0.3076984298229217,0.03802921682596207,0.05938634902238846,0.19406899690628052,0.8096726012229919
19,0.0009938503261272707,0.31124709494411945,0.03938194115646183,0.06121748436242342,0.1966171945631504,0.30260421872138976,0.03793766885995865,0.06115999847650528,0.193796266913414,0.8106696844100952
20,0.000993221413959659,0.30625902347266676,0.038931680815294384,0.06076635163277388,0.19559077471494674,0.29917235136032105,0.03671840161085129,0.05949046030640602,0.1906389492750168,0.8115733480453491
21,0.000992562108414309,0.30337809190154075,0.03845844535157084,0.060239998884499074,0.19434923753142358,0.2991813123226166,0.03667252108454704,0.05983402192592621,0.1905570423603058,0.806774377822876
22,0.0009918724501602927,0.2991495380550623,0.03790745486505329,0.059502436388283966,0.19271410651504994,0.30203007817268374,0.037456135228276254,0.05954340845346451,0.19259323596954345,0.8133854246139527
23,0.0009911524817389796,0.2976099237799644,0.03741590953432024,0.05893146123737097,0.19209017299115658,0.2911724543571472,0.03546361356973648,0.0574031600356102,0.18736794590950012,0.8179454302787781
24,0.000990402247561413,0.2945895256847143,0.0367561465036124,0.05827290203422308,0.19010860063135623,0.29495707154273987,0.035829268544912335,0.05819424241781235,0.18831920325756074,0.8172169971466064
25,0.0009896217939055715,0.2921392421424389,0.03672964734956622,0.058034847173839804,0.18989038832485675,0.2807201582193375,0.034648685678839684,0.05618075758218765,0.18523213267326355,0.8232123613357544
26,0.0009888111689135125,0.28821193508803844,0.03624602379277349,0.05754403803497553,0.18885430544614792,0.2805742245912552,0.03435410790145397,0.05577996999025345,0.18436409711837767,0.8237048602104187
27,0.0009879704225884038,0.2840724042057991,0.03610545760951936,0.05709952611476183,0.18822921343147755,0.28407263159751894,0.034848216995596884,0.05617020711302757,0.18566490948200226,0.8146647429466247
28,0.0009870996067914393,0.28328796215355395,0.03553664194885641,0.05669870002195239,0.18694075398147106,0.27678288757801056,0.03432715594768524,0.05552903965115547,0.1843453162908554,0.827753689289093
29,0.0009861987752386389,0.28176279708743096,0.035194169781170785,0.056249152980744836,0.1861317018419504,0.27816295087337495,0.035249914526939395,0.056068796664476395,0.18679714620113372,0.8232219076156616
30,0.0009852679834975364,0.2778428293019533,0.03479446282610297,0.05561885276809335,0.18504147715866565,0.27297892808914187,0.033878770247101786,0.05403238117694855,0.1829948216676712,0.82712078332901
31,0.0009843072889837508,0.2744703032076359,0.03422913983464241,0.05498196106404066,0.18350915286689998,0.27150041699409483,0.0344790381193161,0.0558467373251915,0.18468534409999848,0.8267917990684509
32,0.0009833167509574448,0.2737731160223484,0.03428083270788193,0.05512377720326185,0.18339599289000033,0.26759539663791654,0.03277221165597439,0.05369320452213287,0.17997174024581908,0.8334597253799438
33,0.0009822964305196697,0.27146041609346866,0.03385911406949162,0.05460522763431072,0.18258721590042115,0.27090392529964447,0.03414563052356243,0.055644813477993015,0.1837320375442505,0.8300748109817505
34,0.0009812463906085963,0.27024259194731715,0.034029233241453766,0.0547105123847723,0.18274549663066864,0.26904592752456663,0.03254844255745411,0.05384637787938118,0.17930548012256622,0.8310154199600219
35,0.0009801666959956326,0.2676999711245298,0.0335166187537834,0.05404222121462226,0.1815034080296755,0.2618562322854996,0.032511044070124624,0.05274955421686173,0.179215145111084,0.8364247846603393
36,0.000979057413281428,0.2640479427576065,0.03285814880393446,0.053380614276975394,0.17981461651623248,0.2663675063848496,0.03191186271607876,0.053029159605503084,0.17764483034610748,0.8343894052505493
37,0.0009779186108917653,0.26385561034083366,0.03303560880944133,0.05337704136967659,0.18018240123987198,0.26162773966789243,0.03326544292271137,0.05314459383487701,0.1814626032114029,0.8368119263648987
38,0.0009767503590733405,0.2608272071927786,0.0323933505686,0.05255812229588628,0.17857587248086929,0.2561104136705399,0.032195801362395284,0.05211566507816315,0.17850370347499847,0.8416256594657898
39,0.0009755527298894287,0.25861610293388365,0.0320433565787971,0.052322741281241175,0.17729948181658983,0.2522430473566055,0.030776950269937514,0.05090749502182007,0.17445245504379273,0.8428350877761841
40,0.000974325797215439,0.2570767805725336,0.03197567109018564,0.0520614979788661,0.17729137182235719,0.2586619007587433,0.03340945050120354,0.053193657994270324,0.18184101521968843,0.8348333859443664
41,0.0009730696367343584,0.2583053985983133,0.03202318260446191,0.05219090092927217,0.17748050156980752,0.25209314227104185,0.031470981016755106,0.051255650073289874,0.17643591940402983,0.844050772190094
42,0.0009717843259320823,0.2534504109621048,0.03156438850797713,0.0516116626188159,0.17613140646368264,0.248426513671875,0.029789860472083093,0.05045051246881485,0.17150867342948914,0.8454779601097107
43,0.0009704699440926353,0.2520764456689358,0.03135761973448098,0.051233704797923565,0.1753910954296589,0.24714419841766358,0.03038152724504471,0.04989842996001244,0.17334859430789948,0.8451604080200196
44,0.0009691265722932805,0.2512951718270779,0.03117537919897586,0.050986204128712416,0.1749885782599449,0.24700188696384429,0.030304444432258607,0.04971003621816635,0.17309738218784332,0.8451399517059326
45,0.0009677542933995185,0.24970374524593353,0.030858227452263236,0.05059747762978077,0.1742823790758848,0.2453004801273346,0.03014635160565376,0.0498901230096817,0.17269279658794404,0.8447866988182068
46,0.0009663531920599752,0.2491262885183096,0.030915232170373202,0.050807832125574354,0.17445568222552538,0.24292438209056855,0.02957248844206333,0.04840075865387917,0.17094744443893434,0.8503736472129821
47,0.0009649233547011813,0.24742866769433022,0.030405230107717215,0.0501508503779769,0.17270211767405272,0.2405497920513153,0.029868955463171004,0.048751611560583115,0.17185115993022917,0.8498908591270447
48,0.00096346486952224,0.24650335617363453,0.030571169424802064,0.05016213269904256,0.17331570506095886,0.24065762400627136,0.029831348285079003,0.04883329346776009,0.17172640919685364,0.8497223567962646
49,0.0009619778264893875,0.24310400664806367,0.030344858434982597,0.0499174520932138,0.17285962957888842,0.23864530861377717,0.029636069610714914,0.049086828976869584,0.17121025681495666,0.8498676681518554
50,0.0009604623173304426,0.24388939529657364,0.030113894678652286,0.049689468573778865,0.17201268434524536,0.23972462236881256,0.030170540511608123,0.04851491943001747,0.17282978177070618,0.851344289779663
51,0.0009589184355291483,0.24321360766887665,0.02999744481872767,0.049580950289964676,0.17168415307998658,0.24034423708915711,0.029441430270671844,0.04825670674443245,0.17063774049282074,0.8484693002700806
52,0.0009573462763194073,0.24030562184751034,0.02970317631959915,0.049013625122606756,0.17085928026586772,0.25511730074882505,0.03032837338745594,0.05140696659684181,0.1729743468761444,0.8412768292427063
53,0.0009557459366794046,0.2387277450412512,0.029597797812893987,0.04892973115667701,0.17048450861126185,0.24107189416885377,0.030161142200231552,0.04893863901495934,0.1725781351327896,0.8507148480415344
54,0.0009541175153256279,0.23879577681422234,0.02959397782571614,0.04892647439613938,0.1705168891698122,0.2392806565761566,0.02895808733999729,0.04868258893489838,0.16910933017730712,0.8517779850959778
55,0.0009524611127067765,0.23650468409061431,0.029205274796113373,0.04833453249186277,0.16955576457083224,0.23281055927276612,0.027833531349897384,0.04758457437157631,0.16589485704898835,0.8547150015830993
56,0.0009507768309975664,0.23500137276947497,0.028989206245169045,0.04816913294605911,0.168889014236629,0.23941030025482177,0.030951660424470902,0.049763970971107484,0.17499472320079804,0.84959792137146
57,0.0009490647740924272,0.23654101222753524,0.029394461764022706,0.04855981759727001,0.17018838122487068,0.23749569296836853,0.029369187355041505,0.048991638869047165,0.17040333449840545,0.8463975882530212
58,0.0009473250475990932,0.23404990643262863,0.028959980299696327,0.04817926982417703,0.168717822432518,0.23278709888458252,0.02833276316523552,0.048393315970897674,0.16715431928634644,0.854192225933075
59,0.0009455577588320895,0.2325234154611826,0.028569753072224556,0.04764161080121994,0.16754373334348202,0.23211351811885833,0.028940814957022668,0.048566916286945344,0.16907377481460573,0.8518513441085815
60,0.0009437630168061119,0.2328383132070303,0.028589352676644923,0.047511190725490454,0.16767770517617464,0.23179366946220398,0.029975941777229308,0.049284016340970994,0.17211638450622557,0.8538919544219971
61,0.0009419409322293023,0.2319330408424139,0.028877757638692856,0.047888911738991735,0.1683108662813902,0.23210927248001098,0.029023829847574234,0.0473138952255249,0.16933682918548584,0.8528039741516114
62,0.0009400916174964203,0.2306340665370226,0.028241640096530317,0.04720468740910291,0.16650002386420965,0.22938136041164398,0.028170709908008577,0.04873769983649254,0.1668450266122818,0.852872552871704
63,0.0009382151866819096,0.22675593860447407,0.02786048873793334,0.04677202822640538,0.16569788187742232,0.2263331311941147,0.02784573517739773,0.04598976150155067,0.16593327343463898,0.8578812956809998
64,0.000936311755532862,0.2273465295135975,0.027854919317178428,0.04656518981792033,0.16533828917890786,0.22632074654102324,0.027382844612002372,0.04570823267102241,0.1645644748210907,0.8574828290939331
65,0.0009343814414618764,0.2285555809736252,0.0281165204429999,0.0468663620762527,0.16581465121358632,0.2286248016357422,0.028255569040775298,0.04635389521718025,0.16716263592243194,0.8534020972251892
66,0.0009324243635398172,0.2248905361443758,0.027594789564609527,0.04631276245228946,0.1647148336470127,0.226881245970726,0.02789855480194092,0.04571854084730148,0.1658901745080948,0.857135021686554
67,0.0009304406424884696,0.22399598099291324,0.02755604008678347,0.04620959490537643,0.1645578793808818,0.23205036997795106,0.029434350281953812,0.048421316146850586,0.17055536508560182,0.8541958618164063
68,0.0009284304006730921,0.22473880410194397,0.027912119114771487,0.04673714754171669,0.1655559032037854,0.22672638297080994,0.028555673137307166,0.04689983919262886,0.1681048935651779,0.8554333400726318
69,0.0009263937620948687,0.22469886600971223,0.027814258937723935,0.04645856759510934,0.16510155372321605,0.2248808538913727,0.02816523477435112,0.04665787294507027,0.16692809045314788,0.8559456491470336
70,0.0009243308523832608,0.22314275294542313,0.02748411604668945,0.04602978785522282,0.16420870747417213,0.22909643054008483,0.02775229126214981,0.046801291257143024,0.1656062114238739,0.8538368344306946
71,0.0009222417987882561,0.2213016513735056,0.02699227594770491,0.04530205788090825,0.1630147910863161,0.21970802247524263,0.027187923677265646,0.044486492425203326,0.16391564279794693,0.8621615672111511
72,0.000920126730172521,0.220385996773839,0.02700255370233208,0.045481724329292775,0.1630087076127529,0.22066872596740722,0.027575414925813675,0.04486576125025749,0.16509501218795777,0.8624237275123596
73,0.0009179857770034506,0.22023226462304593,0.02715732801705599,0.04552947699092329,0.16312142383307218,0.22824305176734924,0.02793282948434353,0.04573456883430481,0.16613462507724763,0.8578117918968201
74,0.0009158190713451209,0.21954689599573612,0.027000789693556727,0.045148026570677756,0.16267842590808868,0.22384805202484132,0.028225150927901267,0.0472374926507473,0.16703099370002747,0.8556777310371398
75,0.0009136267468501431,0.21812982827425004,0.026945943646132946,0.045384664153680206,0.16280039831995963,0.22031278610229493,0.026436932981014252,0.04486078679561615,0.1616179823875427,0.8603525447845459
76,0.000911408938751419,0.21675523944199085,0.026605097074061633,0.04470988222397864,0.1617630798742175,0.21896024644374848,0.026479578167200087,0.045547405928373336,0.1618043911457062,0.8589272952079773
77,0.0009091657838537987,0.21750948674976825,0.0268729673884809,0.045051296800374986,0.16252513971179725,0.22009970963001252,0.02681542865931988,0.045297642797231676,0.16283918738365175,0.8585240125656128
78,0.0009068974205256427,0.2162294987589121,0.026542170415632428,0.04490468727424741,0.1613816275447607,0.22155296444892883,0.026768861562013625,0.04640872940421104,0.16264667510986328,0.8570181941986084
79,0.0009046039886902857,0.21398851551115514,0.026232906538061797,0.04419221615418792,0.16066410329192876,0.21782996773719787,0.02630808897316456,0.04443948805332184,0.1612007051706314,0.8630007600784302
80,0.0009022856298174066,0.21314688310027122,0.026134630339220165,0.04411551428027451,0.16033935911953448,0.2203303426504135,0.027904405891895294,0.045859750211238864,0.16614455819129945,0.8587663865089417
81,0.0008999424869143012,0.2131508546322584,0.02606110298540443,0.04412261850200593,0.16027876887470482,0.21424276888370514,0.02624090522527695,0.0455380779504776,0.1609831976890564,0.8627527785301209
82,0.0008975747045170606,0.21277616374194622,0.026098242276348174,0.04403992634266615,0.160341287702322,0.2163962960243225,0.027631827518343925,0.04402041137218475,0.16535456895828246,0.8639177632331848
83,0.0008951824286816566,0.21097921036183834,0.025879787341691555,0.043730972679331896,0.15951824590563773,0.21650509417057037,0.026018782034516335,0.043339228183031084,0.16036696434020997,0.8642534971237182
84,0.0008927658069749313,0.21250892020761966,0.026210913672111927,0.044116168171167376,0.16029135901480912,0.21361155092716216,0.026356484964489935,0.044480001628398894,0.16137285947799682,0.8637581086158752
85,0.000890324988465495,0.21247032716870307,0.026139239487238227,0.04392770305275917,0.16003849249333144,0.22734922766685486,0.02967168115079403,0.0484772863984108,0.17127182364463805,0.8514068818092346
86,0.0008878601237145306,0.210119956061244,0.025902611655183136,0.043652814542874695,0.15960765741765498,0.21310808062553405,0.026077990680933,0.04499880522489548,0.16054352641105651,0.8638349771499634
87,0.000885371364766506,0.20921869948506355,0.02564443164039403,0.0434109999332577,0.158595540933311,0.21442225456237793,0.027143710777163505,0.04614830210804939,0.16373202562332154,0.8599495911598205
88,0.0008828588651397969,0.20746605068445206,0.025572613701224326,0.043293040012940764,0.15859429009258746,0.21070967495441437,0.02576534703373909,0.043553578704595565,0.15965840578079224,0.8658986186981201
89,0.0008803227798172148,0.20718451537191868,0.02533153085503727,0.04288762902840972,0.15758527480065823,0.20834357023239136,0.027260413393378258,0.04432476326823234,0.1642434501647949,0.8689010119438172
90,0.0008777632652364485,0.20686955481767655,0.025606221198104323,0.04319269225932658,0.15845528177917004,0.20691565573215484,0.02563357949256897,0.04256166107952595,0.15908610731363296,0.8679158544540405
91,0.0008751804792804139,0.20710122443735599,0.02562581959180534,0.04334477095864713,0.1584096783772111,0.2148291677236557,0.026380453333258627,0.04445205509662628,0.16135571897029877,0.8622113513946533
92,0.0008725745812675145,0.20588059589266777,0.025338833308778702,0.04289252288639545,0.15767540644854308,0.20757998108863832,0.025501502603292467,0.04318289518356323,0.15884019076824188,0.8665097165107727
93,0.0008699457319418148,0.20351436845958232,0.02486654359847307,0.042241283105686304,0.15621241249144077,0.2092842161655426,0.02550528720021248,0.043975519984960555,0.158721364736557,0.8658507537841796
94,0.0008672940934631243,0.20496047474443913,0.02504133636597544,0.04260380515828729,0.15694880522787572,0.20831848323345184,0.026240156218409538,0.04280485689640045,0.1610146227478981,0.8668227696418762
95,0.0008646198293969944,0.20329452492296696,0.024937546481378376,0.04245072530582547,0.1565248195081949,0.2121376532316208,0.027300289049744606,0.04490042448043823,0.1641342234611511,0.8621704316139222
96,0.0008619231047046297,0.20328792482614516,0.024936768068000673,0.042413159208372235,0.15675088215619326,0.20719859540462493,0.025611984468996526,0.04216632768511772,0.15896832287311555,0.8690057921409607
97,0.0008592040857327122,0.2037969569116831,0.025029212301597,0.04263216375373304,0.1570081427693367,0.20355839431285858,0.02512339223176241,0.043494017124176027,0.15756744235754014,0.8693412637710571
98,0.0008564629402031395,0.2025015116482973,0.024727609013207256,0.042204385669901964,0.15609290409833193,0.20212723433971405,0.025303365513682365,0.042697542905807497,0.1581908294558525,0.870660502910614
99,0.0008536998372026799,0.20129758164286612,0.024643810517154634,0.04193458636291325,0.15569745857268572,0.2019194084405899,0.025257148221135138,0.041330639645457266,0.1579231560230255,0.872272527217865
100,0.0008509149471725419,0.2013361942023039,0.024809399554505944,0.04222580681554973,0.15621179081499575,0.21121150970458985,0.02756404347717762,0.04523683175444603,0.16494909882545472,0.8632895064353943
101,0.0008481084418978604,0.20012187726795674,0.02444210634101182,0.04169507859274745,0.15528967317193745,0.2086201387643814,0.026307101249694823,0.04453566923737526,0.16117509573698044,0.8659677863121032
102,0.0008452804944971008,0.19945647716522216,0.02434061311651021,0.04163810914382338,0.1545212533324957,0.2025141203403473,0.025201794505119324,0.04166257902979851,0.15776785612106323,0.8702424168586731
103,0.0008424312794113795,0.19935445688664913,0.024435319709591567,0.04147918406873941,0.1550400183722377,0.2039824765920639,0.025360577963292597,0.043245592564344404,0.15829555600881576,0.8696743512153625
104,0.000839560972393704,0.1974164502322674,0.02402258842717856,0.041146959513425826,0.15372872162610293,0.20862542808055878,0.02678224578499794,0.04415445327758789,0.16242616653442382,0.8621942138671875
105,0.0008366697504981313,0.1980217531323433,0.02429333177395165,0.04139628218486905,0.15449431285262108,0.20335834085941315,0.025046181604266166,0.04183800376951694,0.1572518104314804,0.8685403537750244
106,0.000833757792068847,0.19848481714725494,0.024343198905698957,0.04142253449186683,0.15466769967228175,0.21104642152786254,0.02570115212351084,0.04320353999733925,0.1592062333226204,0.869822416305542
107,0.0008308252767291636,0.19853104546666145,0.024204032472334804,0.041386968325823545,0.15410399507731198,0.20248455047607422,0.02488111175596714,0.0415063439309597,0.15674180984497071,0.8722327542304993
108,0.0008278723853704405,0.1979454080760479,0.024308992847800255,0.041398446131497624,0.1545662321895361,0.2022765415906906,0.024745092242956162,0.041754704043269156,0.15627245366573334,0.871875343322754
109,0.0008248993001409261,0.196546094417572,0.024068675781600178,0.04119053989648819,0.1536864247918129,0.2086397409439087,0.02666474871337414,0.04581845581531525,0.1621471029520035,0.8607308268547058
110,0.000821906204434522,0.19663686007261277,0.024055193332023918,0.04113128031603992,0.15377419210970403,0.20851199746131896,0.026154670752584933,0.0453126223385334,0.16068841755390167,0.8593856978416443
111,0.00081889328287947,0.19567202910780906,0.023813768941909074,0.04072836482897401,0.15294416412711143,0.20885137915611268,0.027073674201965332,0.04205258436501026,0.16365865290164947,0.8654528665542602
112,0.0008158607213269635,0.1959436009824276,0.023720437297597527,0.04060103241354227,0.1525697607919574,0.20730671286582947,0.02515934865921736,0.04184987381100655,0.15761156439781188,0.873734426498413
113,0.0008128087068396843,0.19515438370406626,0.023803034559823574,0.04067738553509116,0.15309562612324953,0.20453441500663758,0.025409932769834994,0.043930864185094835,0.15831557273864746,0.867929573059082
114,0.0008097374276802615,0.19341891683638096,0.023473452436737718,0.04036989205516875,0.15188663959503174,0.19831784009933473,0.024730899930000307,0.04069864705204964,0.15625663131475448,0.8745510530471802
115,0.0008066470732996612,0.1957329173386097,0.024170429301448165,0.04113856676965952,0.15416578527539967,0.20001517713069916,0.024723049961030485,0.041076584309339526,0.15633632332086564,0.87172114610672
116,0.0008035378343254982,0.19361417971551417,0.023670003856532274,0.04058413598686457,0.15261812534183264,0.2041511470079422,0.025187363848090172,0.04267517894506454,0.1575382125377655,0.8694320678710937
117,0.0008004099025502785,0.19547392323613166,0.02396438619121909,0.04114151580259204,0.15360891852527858,0.20144863665103913,0.02453195858746767,0.04058310180902481,0.15547667741775512,0.8745252513885498
118,0.0007972634709195677,0.19231599286198617,0.02348508921917528,0.04032117209397256,0.15205870404839517,0.20020576179027558,0.02470046028494835,0.041053071320056915,0.15618249356746675,0.8722123694419861
119,0.0007940987335200899,0.19241972900927068,0.023538621072657407,0.0402019542362541,0.15198914367705585,0.19892313599586486,0.02447008967399597,0.04055942453444004,0.1554820066690445,0.8751074790954589
120,0.0007909158855677548,0.1919951307028532,0.02339692640118301,0.040216157156974075,0.1517157705873251,0.19579100251197815,0.024196734987199306,0.04083336494863033,0.15449904710054396,0.8746252846717835
121,0.0007877151233956171,0.19217694200575353,0.02340750862378627,0.0402017476875335,0.15178822536021472,0.19513565599918364,0.02400258794426918,0.04074651584029198,0.15397059708833694,0.8754874110221863
122,0.0007844966444417644,0.19060714572668075,0.02317298096138984,0.03984309995546937,0.1509300361201167,0.1980256634950638,0.025239037983119487,0.040952158272266385,0.15781147360801698,0.8739294171333313
123,0.0007812606472371389,0.19109439671039583,0.023311900361441075,0.03978864165954292,0.15149866987019778,0.1982964789867401,0.02476951599121094,0.04315325379371643,0.15626734346151352,0.8709768652915955
124,0.0007780073313932909,0.1909725096821785,0.023292285236530007,0.04003587097860873,0.15139608398079873,0.1975586783885956,0.02443722490221262,0.04007332719862461,0.15530023694038392,0.8714579486846924
125,0.0007747368975900663,0.19035142563283444,0.02285725630354136,0.03950879589654505,0.14983216531574725,0.20259081184864045,0.024907944947481154,0.04153457827866078,0.1569863611459732,0.8706066656112671
126,0.0007714495475632274,0.19108719937503338,0.023254298395477234,0.039921582536771895,0.15139764629304409,0.19874974846839905,0.024271187335252763,0.042598867937922474,0.15469444781541825,0.8739102911949158
127,0.0007681454840920084,0.1889916419237852,0.02287996666971594,0.039408744079992175,0.15019399743527173,0.20356061577796936,0.02645838238298893,0.04153860419988632,0.1616867682337761,0.8697187519073486
128,0.0007648249109866078,0.18976741813123227,0.023253092262893914,0.03981612734496594,0.15125403352081776,0.20050882875919343,0.025443659499287605,0.04353216513991356,0.1583680832386017,0.8704282999038696
129,0.000761488033075616,0.18768798872828485,0.022676717201247813,0.03914326697587967,0.14949913378804922,0.1939340716600418,0.02375139683485031,0.03930820740759373,0.15317985206842422,0.8774273133277893
130,0.0007581350561933807,0.18943484276533126,0.023014721404761077,0.03953182657249272,0.15029670584946872,0.19962727010250092,0.02379752606153488,0.04036668173968792,0.15318584978580474,0.8739340090751648
131,0.00075476618716731,0.18913041658699511,0.023096149084158243,0.03961553700268269,0.15054352167993784,0.19689507126808167,0.026098767891526223,0.04080497406423092,0.16064490258693695,0.8743606305122376
132,0.000751381633805114,0.18729472674429418,0.022751254378817976,0.0392957781907171,0.14925881855189801,0.1960641187429428,0.024369263499975206,0.04215195327997208,0.15493441015481949,0.872129499912262
133,0.0007479816048819872,0.18757162123918533,0.022662347345612944,0.0393373042345047,0.14921348493546246,0.19741876780986786,0.02359782662242651,0.03961874067783356,0.1525832325220108,0.8773042726516723
134,0.0007445663101277286,0.18786306686699392,0.02274121212773025,0.03915120088495314,0.14925403770059348,0.20427441954612732,0.027742295488715173,0.04527478128671646,0.16512896239757538,0.8702245545387268
135,0.0007411359602138063,0.18626719385385512,0.022541866754181683,0.03904377546161413,0.1487954215705395,0.19043952882289886,0.024086654372513294,0.04047771126031876,0.1540948924422264,0.878966076374054
136,0.0007376907667403616,0.18597783774137497,0.022534679165109994,0.03886393744498491,0.14897809837013484,0.19523203432559966,0.02386288747191429,0.04068796120584011,0.1533105406165123,0.8757552313804626
137,0.000734230942223156,0.1848460441082716,0.02244146991055459,0.038745340900495646,0.1485067967697978,0.1902695733308792,0.02424254611134529,0.03978577800095082,0.15487222343683243,0.8786542367935181
138,0.0007307567000804632,0.18513791635632515,0.02222017450723797,0.038522570319473745,0.1479701842740178,0.19442353308200835,0.024211034886538984,0.03988826394081116,0.15448925614356995,0.8773064494132996
139,0.0007272682546199033,0.18592589147388935,0.022572111021727324,0.0389055419806391,0.14873882856220008,0.196156302690506,0.02418306067585945,0.040814481005072595,0.15451451480388642,0.8753823161125183
140,0.0007237658210252247,0.1860015396773815,0.022713326779194177,0.03895423893816769,0.14947418067604304,0.19216739594936372,0.023631064444780348,0.03955579966306686,0.15268258333206178,0.8763090324401855
141,0.0007202496153430292,0.1856734912842512,0.022235200917348267,0.03860525785014033,0.14780666328966618,0.19051554083824157,0.023757307976484298,0.03892382517457008,0.15319679856300353,0.8806034827232361
142,0.0007167198544694465,0.18360956743359566,0.022151795509271325,0.038343585850670936,0.14771428361535072,0.1910733950138092,0.023592285327613354,0.039961846619844435,0.15252567172050477,0.8792829322814941
143,0.0007131767561367535,0.18315969042479993,0.022095005023293198,0.03823178783990443,0.1474611843749881,0.18677138447761535,0.02295793253928423,0.03797448568046093,0.15055105745792388,0.8816848254203796
144,0.0007096205388999451,0.18345097720623016,0.02217085518874228,0.03850218679755926,0.14772632867097854,0.19323587656021118,0.02427694797515869,0.03945215567946434,0.15479155778884887,0.8750478959083557
145,0.0007060514221232516,0.18387171283364295,0.022338995626196265,0.03853770068846643,0.14832601189613343,0.19620309233665467,0.02414778880774975,0.0407940136641264,0.1544322121143341,0.872418212890625
146,0.0007024696259666078,0.18179803133010863,0.021884223599918186,0.038247203826904295,0.14694290921092035,0.19006140112876893,0.023552149049937725,0.039520715326070786,0.15254006385803223,0.8804696369171142
147,0.0006988753713720726,0.18209862448275088,0.02204161012079567,0.03816549533046782,0.14737216610461473,0.18990675628185272,0.023237411603331565,0.038711242377758026,0.15144773960113525,0.8800608348846436
148,0.0006952688800501998,0.18255860850214958,0.021981792775914073,0.038307468071579934,0.14696949440985918,0.18893305003643035,0.023106960691511632,0.039130572229623795,0.1509733510017395,0.8800857448577881
149,0.0006916503744663621,0.18209165066480637,0.02205595009960234,0.03822801928967237,0.1472680779546499,0.18882802963256837,0.023302154839038847,0.03913219884037972,0.1514779257774353,0.8790516257286072
150,0.0006880200778270287,0.1818916178494692,0.02196115312166512,0.03803382183425128,0.14689721561968327,0.1901148748397827,0.023247549012303352,0.03892780691385269,0.15148160994052887,0.8771083426475524
151,0.0006843782140659965,0.18133609183132648,0.021758620762266218,0.037880435641855004,0.14643444795161487,0.18794981122016907,0.02330683633685112,0.039640370011329654,0.15165619134902955,0.8806226825714112
152,0.0006807250078305769,0.1817560424655676,0.021826081527397036,0.03789674370549619,0.14647467866539954,0.192186684012413,0.02339868988841772,0.03969127617776394,0.15199099570512772,0.880290367603302
153,0.0006770606844677388,0.1814213102683425,0.021940081799402832,0.03801998701877892,0.14690553937107326,0.18866623163223267,0.023334725610911846,0.03924749165773392,0.151724391579628,0.8806134510040283
154,0.0006733854700102076,0.18011351853609084,0.02154990514740348,0.03759620948694646,0.14569305948913097,0.18799548625946044,0.02375726792961359,0.038572666868567466,0.1530788293480873,0.8807870697975159
155,0.0006696995911625231,0.18030341792851687,0.021854964578524233,0.03787764569744468,0.14654423259198665,0.18942473948001862,0.022803339175879955,0.038821856379508975,0.14995163977146148,0.8816462326049804
156,0.0006660032752870542,0.17978400267660619,0.02157653471454978,0.03729389532469213,0.14576617445796727,0.193744255900383,0.024285975582897662,0.0421733558177948,0.1548057970404625,0.8720031952857972
157,0.0006622967503899756,0.17965036444365978,0.021530834212899207,0.037481055492535234,0.14552972797304392,0.18993061482906343,0.02349593386054039,0.03934018515050411,0.15219332605600358,0.878600902557373
158,0.0006585802451072022,0.17922148533165455,0.021380764003843068,0.03716151753440499,0.14504932418465613,0.19988552808761598,0.024470745399594308,0.04372625604271889,0.1552957510948181,0.8689518213272095
159,0.0006548539886902862,0.1785292076319456,0.021461938903667033,0.03730405882000923,0.14539756070822477,0.18897529006004332,0.024257028102874757,0.03963967338204384,0.1547704729437828,0.8782544803619384
160,0.0006511182109922755,0.17917814306914806,0.021670510717667638,0.037724229125306014,0.1460899280384183,0.18665708720684052,0.023569994196295737,0.03909712687134743,0.15236937791109084,0.8809531450271606
161,0.0006473731424535358,0.17876635998487472,0.02134702093200758,0.037196959815919396,0.14487077962607145,0.1864897119998932,0.022902468889951705,0.03791481986641884,0.1503711846470833,0.8815942215919494
162,0.0006436190140875352,0.17857041850686073,0.021542520658113063,0.03754037090577185,0.14543530181050301,0.1885800313949585,0.023055154532194137,0.038651643767952916,0.1507895892858505,0.8805143332481384
163,0.0006398560574665949,0.17762140586972236,0.02129073041025549,0.037140223030000925,0.14476214960217476,0.18657094538211821,0.022988461405038834,0.03779526628553867,0.15076357394456863,0.8824647736549377
164,0.0006360845047076046,0.17917143039405345,0.02153590796981007,0.03746944641694427,0.14548524279147387,0.1866460210084915,0.023881684690713882,0.03881918288767338,0.15356170684099196,0.8813943076133728
165,0.0006323045884577034,0.1784661852568388,0.0213912796927616,0.03728799122385681,0.1449898201227188,0.18624311983585357,0.023261413387954236,0.03800740249454975,0.15148054122924803,0.8818835592269898
166,0.0006285165418799315,0.1763878371194005,0.02109914585482329,0.036822860585525634,0.14402239639312028,0.18504153490066527,0.023263611532747745,0.039306852146983144,0.15144770950078965,0.8810798048973083
167,0.0006247205986388447,0.17727439634501935,0.02129918902181089,0.03710552789270878,0.14465375881642104,0.18592533528804778,0.023031241931021212,0.03885889180004597,0.15060156226158142,0.8799020004272461
168,0.0006209169928861027,0.17587127178907394,0.021011507017537952,0.03675898097455502,0.1435882807150483,0.18711902678012848,0.023247209601104258,0.039386719018220905,0.15133411139249803,0.8788485312461853
169,0.0006171059592460246,0.17603012464940548,0.021091582071967423,0.03683034508489072,0.14414784960448743,0.18536325454711913,0.022978359684348106,0.03869942486286163,0.15057480573654175,0.881144666671753
170,0.0006132877328011171,0.1760256792604923,0.021128630321472882,0.03684509173966944,0.14433806408196687,0.18423179686069488,0.022603913322091104,0.03769559003412724,0.1493028876185417,0.8844171404838562
171,0.0006094625490775729,0.1762382784485817,0.021061668815091254,0.03696361005306244,0.1438147732615471,0.18653320968151094,0.02304750181734562,0.03844650574028492,0.15071477472782135,0.8793965721130371
172,0.000605630644030742,0.17510150223970414,0.020887273834086954,0.036533459052443505,0.14312179800122976,0.18889854311943055,0.02405086301267147,0.03866065055131912,0.15413881689310074,0.8765146780014038
173,0.0006017922540305778,0.1756419724225998,0.020923692234791815,0.03660216006450355,0.14332640551030637,0.18827518343925476,0.023888188637793063,0.039153538495302204,0.1534486812353134,0.8799749279022216
174,0.0005979476158470559,0.17439017146825792,0.02089319087564945,0.036429121121764184,0.1433204272389412,0.18366494357585908,0.022844134345650673,0.03864770300686359,0.1501066020131111,0.8828858947753906
175,0.0005940969666355693,0.17323769588023424,0.020710988244973125,0.03629495486617088,0.1428573252633214,0.18512261390686036,0.02271974965929985,0.03756595194339752,0.14968199849128724,0.8829404163360596
176,0.0005902405439222995,0.17486732333898544,0.020987404128536582,0.03669594472274184,0.1437326565384865,0.18433551132678985,0.022768691293895246,0.03825676217675209,0.14984057754278182,0.8834547996520996
177,0.0005863785855895648,0.1743838755041361,0.020881308978423475,0.036472538048401476,0.1433121880888939,0.18277189791202544,0.02245083186775446,0.03760431788861752,0.1488778242468834,0.8835386395454407
178,0.0005825113298611468,0.17340598858892917,0.020630056825466453,0.036344278771430254,0.14243356436491011,0.19031524658203125,0.023575538247823716,0.04083223149180412,0.15252481371164323,0.8730236482620239
179,0.0005786390152875951,0.17328019425272942,0.020686940932646395,0.036330554727464916,0.14260344691574572,0.1839069503545761,0.022859608642756938,0.03863112062215805,0.15011314809322357,0.882264187335968
180,0.0005747618807315129,0.17368679344654084,0.020433499913197012,0.035857022553682324,0.14184883277863264,0.18111252427101135,0.022536835931241513,0.03744959577918053,0.14911434441804886,0.8848527884483337
181,0.0005708801653528224,0.17326412729918958,0.02066050224006176,0.03607094155624509,0.14252457812428473,0.18073030710220336,0.022235886603593828,0.036772645637393,0.14814350694417955,0.8861260986328126
182,0.0005669941085940128,0.1726535616070032,0.020723599786870182,0.03620364318601787,0.14275416504591704,0.19371746957302094,0.024719329252839088,0.042162636518478395,0.15612382620573043,0.8697107791900635
183,0.0005631039501653699,0.17282257065176965,0.020498652840033174,0.035989549728110436,0.14188824892044066,0.1854961085319519,0.022768231108784676,0.03806976929306984,0.14990534901618957,0.8812591123580933
184,0.0005592099300301898,0.1716257942467928,0.02042268479708582,0.03579937720671296,0.141746472902596,0.18291306078433991,0.022858813889324665,0.03837337270379067,0.1500686600804329,0.8810928869247436
185,0.0005553122883899769,0.17241205386817454,0.020604045735672115,0.036029430646449326,0.14254941254854203,0.1796310693025589,0.022241764441132544,0.03720594257116318,0.1480167442560196,0.8854846549034119
186,0.0005514112656696273,0.17104081477969885,0.020287068062461912,0.035656850542873146,0.1412694415822625,0.18508140623569488,0.022821260131895543,0.03781209543347359,0.15014460563659668,0.8836663937568665
187,0.0005475071025025977,0.17062424175441265,0.020230950587429106,0.035455837296321985,0.14103509716689586,0.18095080256462098,0.022084148339927195,0.03771397583186627,0.1475737461447716,0.8836453938484192
188,0.0005436000397160626,0.17130409188568593,0.02032601455692202,0.035798400938510895,0.14126733679324388,0.18154226183891298,0.022877608984708787,0.03731279917061329,0.15019161492586136,0.8835754561424255
189,0.0005396903183160584,0.16916986782103777,0.01989313032012433,0.035234163673594596,0.13983096063137054,0.18693993628025055,0.023484733030200003,0.03916524961590767,0.15216706514358522,0.8790652847290039
190,0.0005357781794726176,0.1704271424934268,0.020155493817292154,0.03551314333453774,0.1406636016815901,0.18117315888404847,0.02306124076247215,0.03850861571729183,0.15077703267335893,0.8846635460853577
191,0.000531863864504892,0.17037115082144738,0.020259883312974125,0.035469633871689436,0.14130875121802092,0.1805885589122772,0.022304041683673857,0.03681663878262043,0.14832579851150512,0.8857969570159913
192,0.0005279476148662666,0.17006957098841669,0.020059467325918377,0.03537212938070297,0.14047213785350324,0.1817014342546463,0.022426184639334677,0.03703331507742405,0.14867115914821624,0.8832714533805848
193,0.0005240296721294664,0.1694939721375704,0.020144393472000956,0.03549847495742142,0.14082715809345245,0.17823132276535034,0.022110677808523178,0.03695452995598316,0.14767010480165482,0.8873445224761963
194,0.0005201102779716548,0.1690913901105523,0.019967571054585277,0.0352195892855525,0.14026711724698543,0.18400699257850647,0.023064220026135444,0.03938341498374939,0.15072983920574187,0.8825130867958069
195,0.0005161896741595251,0.16940298695117234,0.020095984130166472,0.03511132066138089,0.14041546408087016,0.18974875688552856,0.024833973422646524,0.04164631724357605,0.15649659544229508,0.8772745752334594
196,0.0005122681025343884,0.16744597028940916,0.019755564383231103,0.034886755663901564,0.13941744409501552,0.18758562982082366,0.023332459814846516,0.03985556535422802,0.15171675384044647,0.8754642343521118
197,0.0005083458049972545,0.16907524902373552,0.02000930525828153,0.03537177113816142,0.14012022644281388,0.18340494513511657,0.023216313682496548,0.038077142536640164,0.15129552513360978,0.8829501366615295
198,0.0005044230234939114,0.16803928837180138,0.01984003832563758,0.03515090788714588,0.13980469830334186,0.18175718128681184,0.022609585262835026,0.03784282773733139,0.14929886043071747,0.8817854356765747
199,0.0005005000000000001,0.1679534500092268,0.019832223556004464,0.03491880026645958,0.13969730522483587,0.18037572085857392,0.021977707631886004,0.03738515503704548,0.14722716599702834,0.8847854924201966
200,0.0004965769765060889,0.16798933692276477,0.019843533099628986,0.03499721390195191,0.1399893544241786,0.17930813133716583,0.022369582280516623,0.036806811764836314,0.14846006840467452,0.8859273767471314
201,0.0004926541950027458,0.16750813156366348,0.019787770248949527,0.034763144040480254,0.1394444924592972,0.17833007752895355,0.02219811711460352,0.03645703703165054,0.1479632142186165,0.8879301047325134
202,0.0004887318974656118,0.16731781858950853,0.019850862491875888,0.03494466559961438,0.13992512375116348,0.18212712585926055,0.02332345873117447,0.03774865120649338,0.1516892656683922,0.8823077368736267
203,0.000484810325840475,0.16719242874532939,0.019515193882398307,0.03460673096589744,0.13849201560020447,0.17942159175872802,0.022375396452844143,0.0378638306260109,0.14833930343389512,0.8850465750694275
204,0.00048088972202834534,0.16639278475195168,0.01960070482455194,0.0346774379350245,0.13892936158925295,0.18107187867164612,0.023097969144582748,0.03803684562444687,0.15088743925094605,0.884428186416626
205,0.00047697032787053363,0.16623472947627305,0.019577646618708967,0.03465234856121242,0.13867412459105252,0.17719205379486083,0.02214695293456316,0.036486528739333154,0.14778700441122056,0.8875168824195862
206,0.0004730523851337335,0.16594947800040244,0.01964498751331121,0.03468518124893308,0.13905388485640288,0.18138724505901338,0.02174577295780182,0.03703761875629425,0.1464195182919502,0.8859231519699097
207,0.000469136135495108,0.1666896003484726,0.01963856501504779,0.03471631358377635,0.13895516794174909,0.17857806086540223,0.022843088023364544,0.037141157016158104,0.1501291188597679,0.8870794892311096
208,0.0004652218205273823,0.1664683009684086,0.019561814931221305,0.03460039558820426,0.13864172622561455,0.17649876892566682,0.02181378789246082,0.03595361411571503,0.14673848658800126,0.8885637760162354
209,0.0004613096816839415,0.16521711964160204,0.01939751182217151,0.034389895601198074,0.13812166005373,0.17747004568576813,0.02197151109576225,0.03570009812712669,0.1471881839632988,0.888107237815857
210,0.0004573999602839373,0.1662542176246643,0.019586492609232665,0.03463508239947259,0.1388783409819007,0.17688766717910767,0.022516229897737505,0.03752937622368336,0.1490204119682312,0.8884691095352173
211,0.0004534928974974021,0.16503621999174356,0.019346280451864005,0.03436368510127068,0.1379201391339302,0.1813323265314102,0.022585508711636067,0.03810926362872124,0.14916489988565446,0.8830395817756653
212,0.00044958873433037245,0.1644607223197818,0.019182965089567006,0.03409305227920413,0.1373494578897953,0.17432673633098603,0.021404571495950223,0.035678618252277375,0.14528253585100173,0.8908839368820191
213,0.0004456877116100228,0.16480512328445912,0.01939024152467027,0.03439560591243208,0.13816869411617516,0.18439429700374604,0.023636836037039758,0.038128786981105806,0.15266628205776214,0.8833369898796082
214,0.00044179006996981007,0.16369945649057627,0.01906197884352878,0.03398997095413506,0.13689987871795892,0.1749917286634445,0.021318528428673746,0.035819769650697705,0.14500245273113252,0.8888909006118775
215,0.00043789604983463003,0.16427280008792877,0.019274384533055126,0.03425007306970656,0.1376560255140066,0.17609238505363464,0.021748008877038955,0.03578239060938358,0.14646291524171828,0.8877048063278198
216,0.0004340058914059871,0.16435300339013337,0.01931857375893742,0.034111557034775614,0.1379431376978755,0.17859750390052795,0.022356914430856703,0.03766518823802471,0.14847859978675843,0.8864717102050781
217,0.0004301198346471775,0.1631998097524047,0.019127374719828366,0.034027437521144746,0.13724386654794216,0.1798456597328186,0.02284863658249378,0.038665676191449165,0.15003647774457932,0.8836285519599915
218,0.0004262381192684869,0.1637022813037038,0.019198671290650962,0.03409788218326867,0.1374029253795743,0.17737705051898955,0.022096145898103714,0.03716911219060421,0.14751219928264617,0.886976375579834
219,0.00042236098471240465,0.1634874390810728,0.01917053365614265,0.034031140990555285,0.1374192663654685,0.182215376496315,0.022637907043099405,0.03818802922964096,0.1494622302055359,0.880403835773468
220,0.0004184886701388529,0.16308646347373723,0.019077239301986994,0.0340240244846791,0.13693118415772915,0.1757337886095047,0.021895550042390823,0.03579534769058228,0.14691567838191985,0.8898854207992554
221,0.0004146214144104349,0.16293759874999522,0.018984493017196655,0.03379112954251468,0.1367837355658412,0.17256201267242433,0.021270538344979287,0.035324114486575124,0.1447996035218239,0.8919310522079468
222,0.0004107594560777003,0.16258042003959416,0.01883889759890735,0.03358742360956967,0.13634370617568492,0.17783543229103088,0.021803322210907937,0.03634854055941105,0.14671364486217497,0.8872199559211731
223,0.0004069030333644306,0.16281980458647013,0.018984454409219323,0.03369647561572492,0.1367347213253379,0.17556172251701355,0.02171072915196419,0.036896159946918486,0.1463511162996292,0.887998390197754
224,0.000403052384152944,0.16194376207888125,0.01889017589390278,0.03365452339872718,0.136150476410985,0.17554961442947387,0.02179897729307413,0.03615443363785744,0.14668976068496703,0.888787522315979
225,0.00039920774596942203,0.1618351926282048,0.0188530980469659,0.03371213444508612,0.13641972616314887,0.17892180979251862,0.022140890434384344,0.038112322092056276,0.14767617017030715,0.8846015071868897
226,0.0003953693559692579,0.16085832972079517,0.018611949454061687,0.03306015790440142,0.1352258660644293,0.1754053193330765,0.021814559772610664,0.035665489882230755,0.14672335267066955,0.8902822613716126
227,0.00039153745092242707,0.16147464323788882,0.01874736946541816,0.033455044217407706,0.13562486346811056,0.17640686333179473,0.02221233367919922,0.037089751064777375,0.14787714630365373,0.8888646912574768
228,0.0003877122671988828,0.1603869656473398,0.018672681376338006,0.03329230662435293,0.13538186773657798,0.17614507615566255,0.021829492375254632,0.03640794418752193,0.14669569998979567,0.8873598504066468
229,0.0003838940407539751,0.16166787628084422,0.01880787839181721,0.03349730464629829,0.13602438438683748,0.17600691556930542,0.021831459514796734,0.035978547856211664,0.1467485696077347,0.889941577911377
230,0.00038008300711389706,0.15985030319541693,0.018508704211562872,0.03294481882825494,0.13499580457806587,0.17719245910644532,0.022685232125222683,0.03719449885189533,0.14944688022136687,0.8869295501708985
231,0.0003762794013611549,0.1610035029426217,0.01890289143193513,0.03368929435499012,0.13640678260475397,0.17422654807567597,0.021607531048357487,0.03535099275410175,0.14598383784294128,0.8900510001182557
232,0.00037248345812006804,0.15977615416049956,0.018468011668883264,0.032893530270084737,0.1348739179596305,0.17311658799648286,0.021744926385581495,0.035103918761014936,0.14641741871833802,0.8908547353744507
233,0.00036869541154229617,0.15941003289073705,0.01849013175815344,0.03296359478496015,0.1347800039499998,0.17696574449539185,0.02258488643914461,0.03704779714345932,0.14902501702308654,0.8902085518836975
234,0.00036491549529239537,0.1599646619334817,0.01857947589363903,0.03322884320281446,0.13528253082185984,0.1737239056825638,0.02157802850008011,0.03558197610080242,0.14583401769399643,0.8898976087570191
235,0.00036114394253340497,0.15940864719450473,0.018407575567252935,0.03296859052963555,0.13455405961722136,0.17604636549949645,0.021924183554947376,0.03570550046861172,0.1469732666015625,0.8881299018859863
236,0.00035738098591246476,0.15921241097152233,0.018404114451259376,0.03291150321252644,0.1344995004683733,0.1726081484556198,0.021713680140674114,0.035153949111700056,0.146381017267704,0.8919083881378174
237,0.0003536268575464642,0.15869437076151371,0.018339014686644076,0.03279369813390076,0.13447394039481878,0.17483342528343201,0.02162705108523369,0.03512542553246021,0.1460596215724945,0.8895785665512085
238,0.00034988178900772446,0.15887143712490798,0.01840496845310554,0.03289071036502719,0.1343837736174464,0.17508699476718903,0.02206293698400259,0.035842059776186944,0.14747492104768753,0.8887461829185486
239,0.00034614601130971383,0.15858265556395054,0.01833688620943576,0.032628069287166,0.13440243065357207,0.17413480937480927,0.021466470286250115,0.0348589987307787,0.14541855543851853,0.8910974073410034
240,0.00034241975489279763,0.15731329198926688,0.018123218044638633,0.03240959939546883,0.13371378291398286,0.1718355041742325,0.02137917522341013,0.03509525917470455,0.14517295897006988,0.8916263675689697
241,0.00033870324961002426,0.15797316189855337,0.01817240164615214,0.03253714747726917,0.13384336933493615,0.17118344008922576,0.02093523886054754,0.0348344586789608,0.14364867389202118,0.8923799157142639
242,0.0003349967247129457,0.1580001961812377,0.01818134184461087,0.03235476923175156,0.13384810216724874,0.1757156091928482,0.021775723062455656,0.036765091493725775,0.14658632040023803,0.886578586101532
243,0.00033130040883747687,0.15750217605382205,0.01827039198949933,0.03251295152120292,0.13398479744791986,0.1766810768842697,0.023116656020283698,0.037240604907274245,0.15086544394493104,0.8894687366485595
244,0.0003276145299897922,0.15801846489310264,0.018238504766486585,0.032712665600702164,0.13397669915109872,0.17496803820133208,0.022124140039086342,0.03599675670266152,0.14772536218166352,0.8886973190307618
245,0.00032393931553226105,0.15882966246455907,0.01828132139518857,0.03263531651347876,0.13411345217376947,0.17202493131160737,0.02175349596887827,0.035603922232985495,0.14640333712100984,0.8922670412063599
246,0.0003202749921694229,0.15757310923188925,0.018258532448671757,0.032679696371778845,0.13386764131486417,0.17347417056560516,0.02156491991132498,0.036527479365468025,0.14577685981988908,0.8892964124679565
247,0.0003166217859340034,0.15607207339257,0.017826900030486287,0.032092433404177424,0.1326023403927684,0.17050351500511168,0.020915717408061026,0.03489308886229992,0.14361562639474867,0.892880859375
248,0.0003129799221729711,0.1563796415552497,0.017949163555167614,0.03219536195509136,0.13282189808785916,0.17410655975341796,0.022435391694307326,0.03635191224515438,0.1487526160478592,0.8892986059188843
249,0.0003093496255336377,0.1568885153159499,0.0179612566716969,0.03230437585152686,0.13269906621426344,0.17204652667045595,0.02135987438261509,0.03569295182824135,0.14503850013017655,0.8915331339836121
250,0.0003057311199497998,0.15656496342271567,0.017970691663213075,0.032131360396742824,0.13283666983246803,0.1703430813550949,0.021208334490656854,0.034572601467370984,0.14454114973545074,0.893320984840393
251,0.0003021246286279269,0.15592594359070064,0.017871774337254464,0.03217541389167309,0.1327432434260845,0.17224313259124757,0.021477541513741018,0.03506067700684071,0.1455025166273117,0.8913113689422607
252,0.0002985303740333918,0.15562853518873454,0.0177651793230325,0.03197679121978581,0.13208335656672715,0.17224782109260559,0.021758414283394815,0.03481592416763306,0.14644942611455916,0.8923394775390625
253,0.0002949485778767481,0.15575479559600353,0.017853766107000412,0.032030752748250964,0.13248962983489038,0.1718767350912094,0.02114996552467346,0.035339337214827536,0.14443592429161073,0.892562997341156
254,0.00029137946110005454,0.15531922928988934,0.01778185869101435,0.03203193074092269,0.13234934508800505,0.17417130172252654,0.021934511587023735,0.036393538787961005,0.14698410928249359,0.8906708216667175
255,0.00028782324386324615,0.15540377862751484,0.017738347081467508,0.03191032568924129,0.1322165185585618,0.17176966547966002,0.021685917042195798,0.035595813766121864,0.14615295797586442,0.8930702257156372
256,0.00028428014553055314,0.15481892690062524,0.017728132454212755,0.031794051826000216,0.13218467131257058,0.16993082761764527,0.021179731264710427,0.03473992183804512,0.14442912250757217,0.8936640238761902
257,0.0002807503846569703,0.15490120887756348,0.017664354760199785,0.03164452528581023,0.13203450802713632,0.1732478505373001,0.021554122157394887,0.03640666350722313,0.14579392939805985,0.8903542375564575
258,0.000277234178974775,0.15475257739424705,0.017729080668650567,0.03194183086976409,0.13211190849542617,0.17051760613918304,0.021184158436954023,0.03460972093045712,0.14450845658779143,0.8929887723922729
259,0.00027373174538009633,0.1542605671286583,0.01760987686458975,0.031730498354882,0.13179563850164414,0.17486124515533447,0.02185568880289793,0.03731848165392876,0.1467510750889778,0.8872090411186219
260,0.00027024329991953656,0.15373159505426884,0.01749505612300709,0.03151296943426132,0.13109331704676153,0.17064038097858428,0.021098547279834748,0.03552667818963528,0.14423932045698165,0.89232980966568
261,0.00026676905777684356,0.15418247424066067,0.017604869375936687,0.03156126711517573,0.13171388991177083,0.17203349411487578,0.021414770744740963,0.03528212368488312,0.14537546843290328,0.8910846877098083
262,0.00026330923325963777,0.15358490221202373,0.017506284206174314,0.03155092435888946,0.1313251830637455,0.1698845273256302,0.020899954177439214,0.03423880971968174,0.14359403431415557,0.8940236449241639
263,0.00025986403978619306,0.15429562743753195,0.017580813001841306,0.03160640362650156,0.13135793559253217,0.1719664192199707,0.021226265653967857,0.03544637151062489,0.14462749660015106,0.8915915393829346
264,0.00025643368987227083,0.15354787960648536,0.017439077675808223,0.031478439010679725,0.1310072860121727,0.17033837974071503,0.021159165650606156,0.03462616473436356,0.14442428082227707,0.8936446309089661
265,0.0002530183951180123,0.1524625252187252,0.017303366670385,0.031288172332569954,0.13049756318330766,0.17470815241336823,0.021619152985513212,0.03696868620812893,0.14600240528583527,0.8873730969429016
266,0.0002496183661948853,0.15462669741362334,0.017712819573935123,0.031893252339214084,0.13189250119030477,0.16936766266822814,0.020917375274002552,0.034070730805397034,0.14359099686145782,0.8941832518577576
267,0.0002462338128326894,0.1528377128392458,0.017302294408436864,0.031306082382798195,0.13032655391842127,0.1712757444381714,0.02125332534313202,0.03628051891922951,0.14471983641386033,0.8910635590553284
268,0.00024286494380661866,0.15332570917904376,0.017480714544653893,0.03158666464500129,0.13110107824206352,0.16928977608680726,0.020838044583797455,0.034163274019956585,0.14331860214471817,0.8939534521102905
269,0.0002395119669243834,0.1523173213377595,0.017283853408880532,0.03128338341601193,0.13038872599601745,0.16857123672962188,0.020813494101166726,0.03418611362576485,0.1431746643781662,0.8947845029830933
270,0.00023617508901339166,0.15263548236340285,0.017390564628876747,0.03126854654401541,0.13061074070632459,0.1683089965581894,0.020836419016122817,0.034015343636274335,0.14322227478027344,0.8948052334785461
271,0.00023285451590799086,0.1528050059825182,0.017528398362919688,0.03149242020212114,0.13121292490512132,0.1689460813999176,0.021232587173581122,0.034533369541168216,0.1447033143043518,0.8945824980735779
272,0.00022955045243677194,0.15221549768000842,0.017221713564358653,0.031033930331468583,0.1303193097934127,0.1684728491306305,0.021050328090786934,0.03462485194206238,0.14403534442186355,0.8943320107460022
273,0.00022626310240993292,0.15300299633294345,0.01742002178914845,0.03143150141462683,0.13089174892753364,0.17072156608104705,0.021204643547534943,0.03421666719019413,0.14452587842941284,0.8928928780555725
274,0.00022299266860670847,0.15175909120589495,0.017139475096482785,0.031054990608245136,0.12980060134083032,0.171663778424263,0.020866647735238074,0.034761523231863975,0.14342369318008422,0.8926253962516785
275,0.00021973935276286053,0.1509983478859067,0.01708677102578804,0.030980402790009975,0.12974564243108033,0.16802177011966704,0.020840132124722004,0.033748564049601554,0.14335278779268265,0.8952161860466004
276,0.00021650335555823492,0.15178401373326778,0.01719052217435092,0.030976060293614865,0.1300701117515564,0.16933782160282135,0.02125841725617647,0.03425863794982433,0.14480028331279754,0.8942340660095215
277,0.00021328487660438215,0.1520135819911957,0.017306795897893607,0.031165949366986752,0.13047409478574992,0.16759945273399354,0.02066597107797861,0.03376260623335838,0.1427628543972969,0.8954910659790039
278,0.00021008411443224442,0.1510125605762005,0.017133184438571335,0.030827247742563485,0.1300038704276085,0.16974002182483672,0.02129244837909937,0.034512606337666514,0.14481260001659393,0.8940277194976807
279,0.0002069012664799095,0.15123612992465496,0.017127884407527744,0.0309849470667541,0.12983161926269532,0.1679689109325409,0.021015801206231116,0.03383766107261181,0.14399849474430085,0.8952658677101135
280,0.00020373652908043158,0.1513088348507881,0.017074069590307772,0.030865939585492014,0.12935688089579345,0.16875793933868408,0.020927163548767568,0.03449334129691124,0.1436456698179245,0.8945121932029724
281,0.0002005900974497208,0.15187477465718985,0.017294338506180795,0.031130437618121506,0.1302968842536211,0.16834219932556152,0.020991634652018545,0.03394048392772674,0.14381382137537002,0.8949448919296265
282,0.0001974621656745009,0.15052580833435059,0.01701826211065054,0.03077373477630317,0.12949481271207333,0.168812735080719,0.020827967822551727,0.0342577538639307,0.14326815962791442,0.8949116730690002
283,0.000194352926700338,0.14966010808944702,0.016849958398379387,0.03041018416173756,0.12883580692112445,0.16866638541221618,0.020970731675624847,0.03404571503400802,0.1437514078617096,0.8945950365066528
284,0.0001912625723197377,0.15003104481846094,0.01683911308646202,0.030608478989452122,0.12842590995132924,0.16760299146175384,0.020774910487234594,0.03381794422864914,0.1431456398963928,0.8954420900344848
285,0.00018819129316031508,0.14949210830032825,0.016721545346081258,0.030327048040926455,0.1284862472489476,0.16843562960624694,0.021002812758088112,0.03406531773507595,0.1439131012558937,0.894317352771759
286,0.00018513927867303565,0.15040697302669287,0.016933761804830284,0.030614010859280824,0.12912798136472703,0.16742502868175507,0.02092408958822489,0.03344921007752419,0.14354196369647979,0.8961055421829224
287,0.0001821067171205293,0.15002280209213495,0.01683287835214287,0.03055048524402082,0.1286747770756483,0.16747056365013122,0.020796086117625238,0.03395723789930344,0.14317253202199937,0.8953624057769776
288,0.00017909379556547725,0.14947539761662484,0.016693678763695062,0.030353031940758227,0.12817766301333905,0.167069970369339,0.020642931647598742,0.03336708210408688,0.14269206047058106,0.8957801127433777
289,0.00017610069985907314,0.14908047612756492,0.01671901674941182,0.030257531022652984,0.1282806283608079,0.16892204761505128,0.02100399672985077,0.03471513405442238,0.14391502887010574,0.8937518572807313
290,0.0001731276146295588,0.14950813837349414,0.016871150573715566,0.030593026205897333,0.1289227918908,0.166169553399086,0.020647560581564903,0.03312881737947464,0.14272513449192048,0.8972376775741577
291,0.0001701747232708358,0.14880691844969987,0.01673832073342055,0.030336811216548087,0.12838090512901545,0.1666463416814804,0.02075299583375454,0.03377495594322681,0.14300517678260805,0.8962406730651855
292,0.00016724220793115237,0.14842677436769008,0.016677112048491836,0.03036141541786492,0.12808020927011968,0.16691724598407745,0.0208364549651742,0.033674370944499966,0.14335519552230835,0.8961497354507446
293,0.000164330249501868,0.1487044607102871,0.01659765328280628,0.03014642751775682,0.12786017905920743,0.16886604249477385,0.021153365336358546,0.03529455170035362,0.14445939421653747,0.893757631778717
294,0.0001614390276062954,0.14914305821061136,0.01678884512744844,0.03037428328767419,0.12841427274048328,0.168181409239769,0.020709193721413614,0.0334474278986454,0.14291832715272904,0.8950759840011596
295,0.00015856872058861982,0.14833516277372838,0.01665516657754779,0.03028746835887432,0.12802572794258593,0.16606576919555663,0.020677364878356457,0.033278656974434856,0.14275076240301132,0.8968579530715942
296,0.00015571950550289848,0.14849739983677865,0.016634496403858067,0.03025632075034082,0.12784724075347184,0.166923748254776,0.02067166466265917,0.03371758885681629,0.14280533015727997,0.895874617099762
297,0.00015289155810213885,0.14771482679992914,0.016520614139735698,0.03016638181172311,0.12750409711152316,0.16730799555778503,0.020829008184373377,0.03396969445049763,0.14330671101808548,0.8956110811233521
298,0.00015008505282745744,0.14805593624711036,0.016536036455072463,0.03005093865096569,0.12751191686838864,0.16622370541095732,0.020397858656942845,0.033218026310205456,0.14174501419067384,0.8968602061271668
299,0.0001473001627973194,0.1477808390557766,0.01648323023226112,0.030002506030723453,0.1272841626405716,0.16705973386764528,0.020717727094888685,0.03381362125277519,0.14297708809375764,0.8952774786949158
300,0.0001445370597968598,0.1471654911711812,0.016334993578493596,0.02985495247878134,0.12681965060532094,0.16733179867267609,0.020691789761185644,0.03394744396209717,0.14280953228473664,0.8957372379302978
301,0.0001417959142672871,0.14706423189491033,0.0163241041242145,0.029795581572689116,0.12679544765502215,0.16681252777576447,0.020707228668034077,0.03384667754173279,0.14280009925365447,0.8955622553825379
302,0.00013907689529536947,0.14781654991209506,0.01662701996508986,0.03017664348706603,0.12785794012248516,0.1657381945848465,0.020552989579737186,0.03336092919111252,0.14227426081895828,0.8967938995361329
303,0.0001363801706030049,0.1472386521846056,0.01646736937807873,0.02996070982888341,0.127339740768075,0.16646058917045592,0.02061417877674103,0.0335985305160284,0.14257943123579025,0.8960616683959961
304,0.00013370590653687486,0.14728516943752765,0.016359147178009154,0.02974090554751456,0.12692190419882535,0.1670251852273941,0.020926671624183654,0.03349373102188111,0.14360769957304,0.8957933712005616
305,0.00013105426805818426,0.14758985344320535,0.016480565739329905,0.029949620822444557,0.1272644529119134,0.16533766865730284,0.02045827429741621,0.033008060306310656,0.1420409283041954,0.8976208591461181
306,0.0001284254187324846,0.14617856845259666,0.016161256041377782,0.029577342541888357,0.12613965392112733,0.1661216986179352,0.020485955774784088,0.03341312803328037,0.14209306389093398,0.8969480395317078
307,0.00012581952071958529,0.14688608273863793,0.01636718607041985,0.02976048247888684,0.12685616973787547,0.16726742208003997,0.020868080444633962,0.03371743820607662,0.14345584511756898,0.8950622272491455
308,0.00012323673476355066,0.1467379043996334,0.016270131417550147,0.029700893107801676,0.1265006624534726,0.16543520152568816,0.020607944689691068,0.033125090673565866,0.1425779029726982,0.8973258900642395
309,0.00012067722018278438,0.14651260022073984,0.016384686157107354,0.02969186752103269,0.12679534040391446,0.16563283026218414,0.020603933185338975,0.033147502467036245,0.14251574903726577,0.8973208451271057
310,0.00011814113486020237,0.14642289493232966,0.016307655486743896,0.0296701367944479,0.12661173962056638,0.16606514513492585,0.020499580651521684,0.033665084093809125,0.14214426755905152,0.8959579467773438
311,0.00011562863523349317,0.14602741919457912,0.016240390273742376,0.02957271521911025,0.12644440919160843,0.1681664216518402,0.02082950223237276,0.03344295613467693,0.1433462193608284,0.895286066532135
312,0.00011313987628546879,0.1459855993464589,0.016189971638377754,0.029708783626556396,0.12613137379288675,0.16526373565196992,0.020573593117296694,0.03305237472057342,0.14236590027809143,0.8973833751678467
313,0.00011067501153450423,0.1463315035402775,0.016334843451622873,0.029720116881653668,0.126691510155797,0.16673554480075836,0.02058820743113756,0.033888918533921245,0.1424219697713852,0.8953923273086548
314,0.0001082341930250677,0.14549653876572846,0.01606834339443594,0.029305374482646585,0.1257712072134018,0.1658030480146408,0.020447197631001474,0.03354005351662636,0.1419497999548912,0.8965371298789978
315,0.0001058175713183425,0.14418148946017026,0.015885741531383245,0.02900792382657528,0.1251685433462262,0.16503260850906373,0.020372337102890013,0.0333584401756525,0.1416916713118553,0.8975578117370605
316,0.0001034252954829386,0.14515319641679525,0.01605666630435735,0.02922953083179891,0.12571972109377383,0.16481141567230226,0.02027074806392193,0.03297843605279922,0.14141724467277528,0.89772536277771
317,0.00010105751308569812,0.14502063747495414,0.016112171167042107,0.0291998007427901,0.1259766522794962,0.16590425312519075,0.02061142463237047,0.03336479626595974,0.14254517823457719,0.896906623840332
318,9.871437018259267e-05,0.1447936174273491,0.016002440142910926,0.029257696885615588,0.12540040943771602,0.16688643395900726,0.02074187032878399,0.033719667419791224,0.14300051540136338,0.8950869798660278
319,9.639601130971368e-05,0.14467390362173319,0.015997739841695877,0.029152678409591317,0.1254390336945653,0.1646314036846161,0.02029863614588976,0.03303163222968578,0.14143687069416047,0.8977666139602661
320,9.410257947435682e-05,0.1454209303110838,0.016145058078691363,0.029446859722957016,0.12593860395252704,0.16601112067699433,0.020634208545088767,0.03359939448535442,0.14265477687120437,0.8966501760482788
321,9.183421614620075e-05,0.14448354572057723,0.015917601408436895,0.029061496183276178,0.12529362011700867,0.1648487776517868,0.02036028202623129,0.03299601577222347,0.14162641644477844,0.897835214138031
322,8.959106124858048e-05,0.1448312207311392,0.016028690261300653,0.0291885151155293,0.12557866632938386,0.1694178819656372,0.021082475744187833,0.03496830090880394,0.14411303997039795,0.8917117857933045
323,8.737325314985632e-05,0.1439127544686198,0.015797481499612333,0.02889808385632932,0.12471143905073405,0.16509126543998717,0.02025869585573673,0.032860108837485316,0.14132563889026642,0.8976131987571716
324,8.518092865487866e-05,0.1437939216196537,0.015718952994793655,0.02887742458842695,0.12426199018955231,0.16479273557662963,0.020460739620029925,0.03304638043045997,0.14200310587882994,0.8975823712348938
325,8.3014222996549e-05,0.1455704490095377,0.01620605298317969,0.029421596145257353,0.1262117727100849,0.16517940640449524,0.020324089340865614,0.03297107212245464,0.14155757457017898,0.8975440406799317
326,8.087326982747842e-05,0.14371176160871982,0.015707972194068134,0.02878430890850723,0.12436701808124781,0.16586121439933776,0.020374533012509344,0.0333577798306942,0.14171190708875656,0.8961137986183166
327,7.875820121174348e-05,0.14364916406571865,0.015838041533716023,0.02888221254572272,0.12490568201988936,0.16400894403457641,0.02032721124589443,0.032702714577317236,0.1415683248639107,0.8984613871574402
328,7.666914761673887e-05,0.14392185002565383,0.015792070894967765,0.02890924835577607,0.12459212649613619,0.1641916102170944,0.020204418897628786,0.032870830520987514,0.14111246526241303,0.8983069682121276
329,7.460623790513098e-05,0.14366550836712122,0.01573796441312879,0.028830468207597732,0.12438296556472778,0.16474472165107726,0.020467036701738835,0.03321905739605427,0.1420266592502594,0.8975064206123352
330,7.256959932690766e-05,0.14462905138731003,0.015986762112006545,0.029161910424008966,0.12552482802420856,0.16505141615867613,0.020477688387036324,0.03314815573394299,0.1420770514011383,0.8974862098693848
331,7.055935751153001e-05,0.1440420715510845,0.015930441112723202,0.029055844871327282,0.12529191620647906,0.16544318974018096,0.02056090272963047,0.03315598972141743,0.1423743924498558,0.8969874286651611
332,6.85756364601825e-05,0.14361499983817338,0.0157972216559574,0.028814091375097634,0.1247929533943534,0.16531403005123138,0.02044753562659025,0.03357852272689343,0.14193420797586442,0.8967862129211426
333,6.661855853812335e-05,0.1433214185014367,0.015751377523411065,0.028832748057320712,0.12445840954780579,0.16400770008563995,0.020322760865092278,0.03273285336792469,0.1415608325600624,0.8984763932228088
334,6.468824446713783e-05,0.14275387823581695,0.015670709775295107,0.028705687690526248,0.12427561100572347,0.16439078092575074,0.020255582183599474,0.03293516039848328,0.14130942583084105,0.8978395009040833
335,6.278481331809005e-05,0.14288167905062438,0.015635334756225347,0.02866806749254465,0.12408951595425606,0.165164235830307,0.020769445598125456,0.033045091703534125,0.14312073826789856,0.8974355244636536
336,6.090838250357962e-05,0.1428550361841917,0.015685879718512298,0.028734029065817596,0.1241712474450469,0.1645838463306427,0.0202269446849823,0.03331427425146103,0.1412169572710991,0.8976602005958557
337,5.905906777069753e-05,0.14249818291515112,0.015477403239347041,0.0285014106426388,0.12346405111253261,0.16421907544136047,0.020385492220520975,0.03286225289106369,0.14173442661762237,0.8981302905082703
338,5.723698319388804e-05,0.14328968558460475,0.015747925746254623,0.02888323082588613,0.12426782105118037,0.16458793878555297,0.020374206341803074,0.03297269076108932,0.14170417934656143,0.8977096629142761
339,5.5442241167910216e-05,0.14285866003483533,0.015595539463683963,0.02852644850499928,0.12371628910303116,0.16377672493457796,0.020292561091482638,0.03246718928217888,0.14143481582403183,0.8986445832252502
340,5.367495240090654e-05,0.14294564705342055,0.015671047505456955,0.028797311186790468,0.12422292351722718,0.16417646706104277,0.02030190296471119,0.03267916314303875,0.141480755507946,0.8981206536293029
341,5.1935225907572464e-05,0.1432378577068448,0.01571865148609504,0.028760896613821387,0.1243592194840312,0.16432192265987397,0.020267558842897417,0.03292081534862518,0.1413384422659874,0.8977472758293152
342,5.022316900243315e-05,0.1428510269522667,0.015571455408353358,0.02848480788990855,0.1238705898821354,0.16529251396656036,0.02042100515216589,0.033469433709979055,0.14186369836330415,0.8965996408462524
343,4.8538887293223265e-05,0.14259494170546533,0.015530405684839934,0.028465606328099965,0.12365058232098818,0.16404443860054016,0.020316269956529142,0.0325299096852541,0.14145778477191925,0.8984417724609375
344,4.688248467437179e-05,0.14257338013499976,0.015634808395989238,0.028500224677845836,0.12398233238607645,0.16367317438125611,0.020295166000723838,0.032508423551917076,0.14140898257493972,0.8989764094352722
345,4.525406332059512e-05,0.1415997502580285,0.015442457681056112,0.028316500121727584,0.12330097418278456,0.1640569919347763,0.020289833061397075,0.032768725156784057,0.14141749262809752,0.898352906703949
346,4.365372368059243e-05,0.1428023762255907,0.015734582014847547,0.028783164108172058,0.12422832336276769,0.16512968122959137,0.02046794503927231,0.03333162628114224,0.14202943086624145,0.896964647769928
347,4.208156447085147e-05,0.14212417662143706,0.015605494077317417,0.02866360027343035,0.12387442439794541,0.16340092957019806,0.02012244366109371,0.03255149357020855,0.1408074590563774,0.8987762093544006
348,4.053768266955736e-05,0.1418342988565564,0.015433234199881553,0.02835779313929379,0.1233249530568719,0.16336527705192566,0.020178634263575076,0.03259316496551037,0.14103503972291948,0.898913950920105
349,3.9022173510612325e-05,0.14176535919308664,0.015435409836936743,0.028396474737673996,0.12330364987254143,0.16372472047805786,0.020201305001974104,0.032859813198447226,0.1410905808210373,0.898411226272583
350,3.7535130477759604e-05,0.14232684545218943,0.015615654720459133,0.028676374964416027,0.12391996029764414,0.16445846498012542,0.02034949716180563,0.03300098814070225,0.14160221815109253,0.8974673652648926
351,3.607664529881839e-05,0.14182952005416155,0.015556973149068653,0.028530015805736185,0.12376238957047463,0.16295051634311675,0.020138665586709976,0.032454256042838095,0.14086978226900101,0.8992657828330993
352,3.4646807940024494e-05,0.1414543668553233,0.01540487595135346,0.028351689912378786,0.12314303167164325,0.16338545382022857,0.020181575529277324,0.03247691884636879,0.14104207277297973,0.8989669156074523
353,3.324570660048119e-05,0.14239329185336827,0.015575633742846548,0.02847766506485641,0.12356912143528462,0.16458316326141356,0.020365616120398045,0.0330340002477169,0.14166720926761628,0.8975186395645142
354,3.187342770671917e-05,0.14170955177396535,0.015455015033949167,0.028422607956454158,0.12323371592909098,0.16342938482761382,0.020167112164199353,0.03257126443088055,0.14096727460622788,0.8989754891395569
355,3.053005590736434e-05,0.14214336447417736,0.015566335776820778,0.028470286410301925,0.1238246276602149,0.1634062099456787,0.0201391426473856,0.032568327113986016,0.14088481575250625,0.8989146208763122
356,2.9215674067917305e-05,0.14244267664849758,0.01562497284496203,0.028557483991608023,0.12399087734520435,0.1635071939229965,0.0202244371175766,0.03244989089667797,0.14119484663009643,0.8988799548149109
357,2.7930363265641077e-05,0.14101286608725785,0.015308928010053933,0.028189829969778656,0.12284600548446178,0.16369528353214263,0.020231817215681076,0.032608173862099646,0.1412137269973755,0.8984771990776061
358,2.6674202784560464e-05,0.14128615628927946,0.015398016141261905,0.028220882834866644,0.1231289929896593,0.16343055963516234,0.020198449306190015,0.03239744521677494,0.14108760833740233,0.8990593695640564
359,2.544727011057077e-05,0.14182437762618064,0.0154775032075122,0.02845560546964407,0.12319539230316877,0.16338854610919953,0.02012084148824215,0.03253433004021645,0.1408080503344536,0.8987067818641663
360,2.424964092665886e-05,0.14162922579795123,0.015356053842697292,0.028262047115713358,0.12290864191949367,0.16377287089824677,0.020193206779658794,0.03248487837612629,0.1410636192560196,0.8988923382759094
361,2.308138910823407e-05,0.14183649528771639,0.015523974136449396,0.028430769639089703,0.12361658696085215,0.16295694530010224,0.020167772583663465,0.0322710819542408,0.14098389625549315,0.8994391417503357
362,2.1942586718571518e-05,0.14143001832067967,0.015470896665938198,0.028241775175556542,0.12333196133375168,0.1637110561132431,0.02021769054234028,0.03257056936621666,0.14113880187273026,0.8985266351699829
363,2.0833304004366963e-05,0.14163136918097735,0.015431578001007439,0.02827434303238988,0.12315403990447521,0.1628131914138794,0.020112981237471104,0.03234304517507553,0.14079034864902495,0.8995245766639709
364,1.9753609391403155e-05,0.14078910924494267,0.015264106201939284,0.027950746240094304,0.12265580467879772,0.16336071848869324,0.020171603299677373,0.03254831068217754,0.1409686475992203,0.8988190054893493
365,1.870356948032989e-05,0.14086055546998977,0.015334287947043777,0.02822779309935868,0.12280851773917675,0.16335441708564757,0.0201277669146657,0.032814222872257236,0.14083020508289337,0.8987429428100586
366,1.7683249042554794e-05,0.14037748258560895,0.015217612846754491,0.027982675218954683,0.12249069448560476,0.16291810035705567,0.02006461676210165,0.03232673704624176,0.14063013345003128,0.8992977643013
367,1.669271101624881e-05,0.14037250496447087,0.015227819802239537,0.028013272136449816,0.12250044740736485,0.16325929284095764,0.020270836874842643,0.03243538178503513,0.14132861644029618,0.8990829133987427
368,1.5732016502463016e-05,0.14125717218965292,0.01536945350235328,0.028210440194234254,0.12293152980506421,0.16315024971961975,0.020133154913783074,0.03249681390821934,0.14085487216711046,0.8989369916915894
369,1.4801224761360537e-05,0.14143072117120029,0.015531371484976263,0.02840018174611032,0.12341751970350742,0.16323315501213073,0.020178168788552286,0.032611013203859326,0.14100371569395065,0.8988611435890198
370,1.3900393208560233e-05,0.14058879397809507,0.015205580173060299,0.028034925311803818,0.12206428386271,0.16336755752563475,0.020181124620139598,0.03251901902258396,0.1410323664546013,0.8989746570587158
371,1.3029577411595691e-05,0.14035881597548724,0.015249043612275272,0.027962818508967757,0.12235648863017559,0.16308726370334625,0.02026744816452265,0.03220245331525803,0.1413165009021759,0.8994053363800049
372,1.2188831086487079e-05,0.14038821816444397,0.015211593785788863,0.02794789589010179,0.12223934892565012,0.163100009560585,0.02014218032360077,0.032503977715969086,0.140889712870121,0.899189829826355
373,1.1378206094427935e-05,0.14065822329372168,0.015257042739540339,0.0280369633436203,0.12254044305533171,0.1632467406988144,0.020191972851753236,0.032641351893544196,0.14105501532554626,0.8989892601966858
374,1.0597752438586383e-05,0.14115070033818483,0.015402372861281037,0.02824452517554164,0.1229693053290248,0.1632971239089966,0.020169288627803327,0.0324508972465992,0.14097690045833589,0.8987350416183472
375,9.847518261019968e-06,0.13967932734638452,0.015061829446349293,0.027929273513145746,0.12165297001600266,0.16324739694595336,0.020202690809965132,0.03244650021195412,0.141084905564785,0.8989309453964234
376,9.127549839706837e-06,0.14066457632929086,0.015320028848946095,0.0282283475715667,0.12250467080622912,0.1632779437303543,0.020251689217984675,0.032541543766856196,0.14126287877559662,0.8990003800392151
377,8.43789158569044e-06,0.1412938332185149,0.015366974491626025,0.02823037752881646,0.12295732274651527,0.1627698838710785,0.0201209132745862,0.032278988137841226,0.14080216765403747,0.8994209170341492
378,7.778586040340519e-06,0.14059038303792476,0.015241099318955094,0.028139384873211385,0.12227933812886477,0.16289279460906983,0.020138306878507137,0.03241932839155197,0.14085880696773528,0.8993054056167602
379,7.149673872728728e-06,0.14170469727367163,0.015542069848161191,0.028505974877625705,0.12344016503542661,0.1630021160840988,0.020244063101708887,0.03224826641380787,0.1412651664018631,0.8992310667037964
380,6.551193877119984e-06,0.1396086570993066,0.014995569828897715,0.027709629479795696,0.12168656300753355,0.16296912133693695,0.020137761235237122,0.032498774752020836,0.14087283343076706,0.8991137957572937
381,5.9831829705795006e-06,0.1404945569112897,0.015345350245479495,0.0280650607123971,0.12262981284409762,0.16282058298587798,0.020144824497401716,0.032180784195661546,0.14090023547410965,0.8994200730323791
382,5.445676190695615e-06,0.1401135342568159,0.015143085743766278,0.027918592318892477,0.12224053099751472,0.16290781617164612,0.02008032228797674,0.032544251382350925,0.14065514653921127,0.899248411655426
383,4.938706693418348e-06,0.14059242837131022,0.015232186964713037,0.028020741548389197,0.12244551684707403,0.16276800394058227,0.020170280933380125,0.03221866011619568,0.14098111420869827,0.8994783282279968
384,4.46230575101431e-06,0.14003464478999375,0.01508842334151268,0.02787816174328327,0.12185830615460873,0.16330022096633912,0.02023407507687807,0.03244626022875309,0.14118403524160386,0.8991448664665223
385,4.0165027501377864e-06,0.1405841302499175,0.015285829924978315,0.02816014821641147,0.12266674630343914,0.1632676136493683,0.020115415453910827,0.03249739699065685,0.14078477084636687,0.8988998937606811
386,3.601325190017619e-06,0.14037930820137262,0.015253173601813615,0.027967358296737074,0.12247991088777781,0.16278491854667665,0.020159135796129702,0.032447651177644726,0.1409148705005646,0.8994416427612305
387,3.2167986807615374e-06,0.1406818652898073,0.015218722375575453,0.02804108907468617,0.1222532395645976,0.16281897246837615,0.02014068067073822,0.03231139205396175,0.14087960243225098,0.8994098711013794
388,2.862946941775839e-06,0.13913110669702292,0.014927207930013538,0.02765649989247322,0.12124411042779684,0.16314926028251647,0.020152414739131926,0.03231425166130066,0.14092374145984649,0.8994386792182922
389,2.5397918003025794e-06,0.14073733005672692,0.015282140043564141,0.028131933929398657,0.12259539596736431,0.1634998995065689,0.020223186165094376,0.03271557599306107,0.1411557301878929,0.8987351727485656
390,2.2473531900731113e-06,0.1404353801906109,0.015252599874511361,0.028042675759643317,0.12243387423455715,0.16304916739463807,0.02012372512370348,0.03255938395857811,0.14081307113170624,0.8992234301567078
391,1.9856491500783547e-06,0.14026483092457057,0.015199548569507898,0.02806308197788894,0.12232020415365696,0.16289399325847626,0.02018277157098055,0.03242003299295902,0.14103426933288574,0.899413902759552
392,1.7546958234563014e-06,0.13982295468449593,0.015139585207216442,0.02781661195680499,0.12207837551832199,0.16303132057189942,0.020081620626151563,0.03244477055966854,0.14067190110683442,0.8991823101043701
393,1.5545074564960323e-06,0.13980730418115855,0.015085264071822167,0.027929607965052127,0.12187492657452821,0.16323254406452178,0.020149191357195378,0.03267902068793774,0.14090264350175857,0.8988166618347168
394,1.3850963977589102e-06,0.13997714731842278,0.01517506804317236,0.027886546030640603,0.12216913990676403,0.16298951029777528,0.02024676389992237,0.032269728258252146,0.1412446093559265,0.8994040560722351
395,1.2464730973170652e-06,0.14048623006790875,0.015218058726750314,0.027941591432318093,0.12229381147772074,0.16354237139225006,0.020132459327578546,0.03247810959815979,0.14087337583303453,0.8990890288352966
396,1.1386461061087213e-06,0.14001488272100687,0.015167637169361115,0.027869217051193117,0.1223069292679429,0.16280582726001738,0.020144665241241456,0.032269376069307326,0.14088702082633972,0.8994686412811279
397,1.0616220754105362e-06,0.13993954412639142,0.015126023520715536,0.027936540488153697,0.12208521541208028,0.162809938788414,0.020135323442518713,0.03225951075553894,0.14086817920207978,0.89947909116745
398,1.015405756427563e-06,0.13974177863448858,0.015143366316333413,0.02785678788088262,0.12210250820964574,0.16292861998081207,0.02017188470810652,0.032374697998166085,0.14099341988563538,0.8992770218849182
399,1e-06,0.13968812327831984,0.015055693956092,0.02776645915582776,0.12183538641780615,0.1632404589653015,0.020221436098217964,0.0326045797765255,0.1411498576402664,0.8988323163986206
